{"8": [0.20062205599970184, 0.20599727200169582, 0.20142656600364717, 0.20050120900123147, 0.20015943700127536, 0.19902554700092878, 0.2016899719965295, 0.20026379299815744, 0.1987919180028257, 0.1997226370003773, 0.19855511300556827, 0.19980341799964663, 0.20033016700472217, 0.19795739000255708, 0.19949456800532062, 0.1995503829966765, 0.21083304500643862, 0.21292743900266942, 0.21190747299988288, 0.21986842600017553], "16": [0.5385630860037054, 0.5352401549971546, 0.5424407399987103, 0.5483924680011114, 0.5432624129971373, 0.5452168940028059, 0.539058346003003, 0.5464892539966968, 0.5469337489994359, 0.545081319003657, 0.5430338340011076, 0.5459035230014706, 0.5347610949975206, 0.5341980869998224, 0.5453389429967501, 0.5424050820001867, 0.5437406710043433, 0.5440220800010138, 0.5759993019964895, 0.5736963259987533], "32": [1.607950992998667, 1.5093016920000082, 1.5487913350007148, 1.5637134529970353, 1.5335888999979943, 1.5292781530006323, 1.537972443999024, 1.5039237599994522, 1.50013656700321, 1.5558529279951472, 1.5283738049984095, 1.5279846240009647, 1.521272666999721, 1.5138691199972527, 1.515922436999972, 1.5181254249982885, 1.5077135280007496, 1.5082700240018312, 1.5134240140032489, 1.523123453000153], "50": [3.4443417220027186, 3.440758361000917, 3.446203088002221, 3.45998571599921, 3.4417225520010106, 3.443789545002801, 3.4581766670016805, 3.4413159289979376, 3.4334352260048036, 3.4549593449992244, 3.4163191379993805, 3.456497343002411, 3.447667539003305, 3.45061337199877, 3.4320231739984592, 3.419395815995813, 3.470872664001945, 3.4297807319962885, 3.420954644003359, 3.4265737179957796], "64": [5.974657501006732, 5.987945188993763, 5.960687862003397, 5.942363193003985, 5.956071230000816, 6.012091102005797, 5.981368795997696, 5.972318747997633, 5.975936943999841, 5.9712375570015865, 5.960332895003376, 5.972674065000319, 5.9414606479986105, 5.971166753995931, 5.93594754300284, 5.9737631710013375, 5.9438321010020445, 5.970402209000895, 5.949353853000503, 5.959284406002553], "100": [35.82509321299585, 35.902180365003005, 35.98784766300378, 36.420312987000216, 36.43640045399661, 36.47177093899518, 36.21148362100212, 36.06272735499806, 36.1257086120022, 36.18401386900223, 36.43650078600331, 36.469603649995406, 36.22793201099557, 36.16411635600525, 36.066947396000614, 36.05663331100368, 36.01347142300074, 36.00257920200238, 36.231667369000206, 36.615258103993256], "128": [83.55307727100444, 82.6944144049994, 83.13799185799871, 83.29385657999956, 82.78814038499695, 82.70556106400181, 83.1846671730018, 83.74302197799989, 82.95887274800043, 83.79622771200229, 83.29321026099933, 82.87570346699795, 83.03317785400577, 83.94495134500175, 83.55871882600331, 83.33490741299465, 83.74807054399571, 83.10415427900443, 82.9419457749973, 83.31429141099943], "256": [813.0582786390005]}